from_node,to_node,line,edge_type,estimated_minutes
NS1,NS2,NSL,ride,2.5
NS2,NS3,NSL,ride,2.5
NS3,NS4,NSL,ride,2.5
NS4,NS5,NSL,ride,2.5
NS5,NS7,NSL,ride,2.5
NS7,NS8,NSL,ride,2.5
NS8,NS9,NSL,ride,2.5
NS9,NS10,NSL,ride,2.5
NS10,NS11,NSL,ride,2.5
NS11,NS12,NSL,ride,2.5
NS12,NS13,NSL,ride,2.5
NS13,NS14,NSL,ride,2.5
NS14,NS15,NSL,ride,2.5
NS15,NS16,NSL,ride,2.5
NS16,NS17,NSL,ride,2.5
NS17,NS18,NSL,ride,2.5
NS18,NS19,NSL,ride,2.5
NS19,NS20,NSL,ride,2.5
NS20,NS21,NSL,ride,2.5
NS21,NS22,NSL,ride,2.5
NS22,NS23,NSL,ride,2.5
NS23,NS24,NSL,ride,2.5
NS24,NS25,NSL,ride,2.5
NS25,NS26,NSL,ride,2.5
NS26,NS27,NSL,ride,2.5
NS27,NS28,NSL,ride,2.5
EW1,EW2,EWL,ride,2.5
EW2,EW3,EWL,ride,2.5
EW3,EW4,EWL,ride,2.5
EW4,EW5,EWL,ride,2.5
EW5,EW6,EWL,ride,2.5
EW6,EW7,EWL,ride,2.5
EW7,EW8,EWL,ride,2.5
EW8,EW9,EWL,ride,2.5
EW9,EW10,EWL,ride,2.5
EW10,EW11,EWL,ride,2.5
EW11,EW12,EWL,ride,2.5
EW12,EW13,EWL,ride,2.5
EW13,EW14,EWL,ride,2.5
EW14,EW15,EWL,ride,2.5
EW15,EW16,EWL,ride,2.5
EW16,EW17,EWL,ride,2.5
EW17,EW18,EWL,ride,2.5
EW18,EW19,EWL,ride,2.5
EW19,EW20,EWL,ride,2.5
EW20,EW21,EWL,ride,2.5
EW21,EW22,EWL,ride,2.5
EW22,EW23,EWL,ride,2.5
EW23,EW24,EWL,ride,2.5
EW24,EW25,EWL,ride,2.5
EW25,EW26,EWL,ride,2.5
EW26,EW27,EWL,ride,2.5
EW27,EW28,EWL,ride,2.5
EW28,EW29,EWL,ride,2.5
EW29,EW30,EWL,ride,2.5
EW30,EW31,EWL,ride,2.5
EW31,EW32,EWL,ride,2.5
EW32,EW33,EWL,ride,2.5
NE1,NE3,NEL,ride,2.5
NE3,NE4,NEL,ride,2.5
NE4,NE5,NEL,ride,2.5
NE5,NE6,NEL,ride,2.5
NE6,NE7,NEL,ride,2.5
NE7,NE8,NEL,ride,2.5
NE8,NE9,NEL,ride,2.5
NE9,NE10,NEL,ride,2.5
NE10,NE11,NEL,ride,2.5
NE11,NE12,NEL,ride,2.5
NE12,NE13,NEL,ride,2.5
NE13,NE14,NEL,ride,2.5
NE14,NE15,NEL,ride,2.5
NE15,NE16,NEL,ride,2.5
NE16,NE17,NEL,ride,2.5
NE17,NE18,NEL,ride,2.5
CC1,CC2,CCL,ride,2.0
CC2,CC3,CCL,ride,2.0
CC3,CC4,CCL,ride,2.0
CC4,CC5,CCL,ride,2.0
CC5,CC6,CCL,ride,2.0
CC6,CC7,CCL,ride,2.0
CC7,CC8,CCL,ride,2.0
CC8,CC9,CCL,ride,2.0
CC9,CC10,CCL,ride,2.0
CC10,CC11,CCL,ride,2.0
CC11,CC12,CCL,ride,2.0
CC12,CC13,CCL,ride,2.0
CC13,CC14,CCL,ride,2.0
CC14,CC15,CCL,ride,2.0
CC15,CC16,CCL,ride,2.0
CC16,CC17,CCL,ride,2.0
CC17,CC19,CCL,ride,2.0
CC19,CC20,CCL,ride,2.0
CC20,CC21,CCL,ride,2.0
CC21,CC22,CCL,ride,2.0
CC22,CC23,CCL,ride,2.0
CC23,CC24,CCL,ride,2.0
CC24,CC25,CCL,ride,2.0
CC25,CC26,CCL,ride,2.0
CC26,CC27,CCL,ride,2.0
CC27,CC28,CCL,ride,2.0
CC28,CC29,CCL,ride,2.0
CC29,CC30,CCL,ride,2.0
CC30,CC31,CCL,ride,2.0
CC31,CC32,CCL,ride,2.0
CC32,CC33,CCL,ride,2.0
CC33,CC34,CCL,ride,2.0
DT1,DT2,DTL,ride,2.5
DT2,DT3,DTL,ride,2.5
DT3,DT4,DTL,ride,2.5
DT4,DT5,DTL,ride,2.5
DT5,DT6,DTL,ride,2.5
DT6,DT7,DTL,ride,2.5
DT7,DT8,DTL,ride,2.5
DT8,DT9,DTL,ride,2.5
DT9,DT10,DTL,ride,2.5
DT10,DT11,DTL,ride,2.5
DT11,DT12,DTL,ride,2.5
DT12,DT13,DTL,ride,2.5
DT13,DT14,DTL,ride,2.5
DT14,DT15,DTL,ride,2.5
DT15,DT16,DTL,ride,2.5
DT16,DT17,DTL,ride,2.5
DT17,DT18,DTL,ride,2.5
DT18,DT19,DTL,ride,2.5
DT19,DT20,DTL,ride,2.5
DT20,DT21,DTL,ride,2.5
DT21,DT22,DTL,ride,2.5
DT22,DT23,DTL,ride,2.5
DT23,DT24,DTL,ride,2.5
DT24,DT25,DTL,ride,2.5
DT25,DT26,DTL,ride,2.5
DT26,DT27,DTL,ride,2.5
DT27,DT28,DTL,ride,2.5
DT28,DT29,DTL,ride,2.5
DT29,DT30,DTL,ride,2.5
DT30,DT31,DTL,ride,2.5
DT31,DT32,DTL,ride,2.5
DT32,DT33,DTL,ride,2.5
DT33,DT34,DTL,ride,2.5
DT34,DT35,DTL,ride,2.5
TE1,TE2,TEL,ride,2.5
TE2,TE3,TEL,ride,2.5
TE3,TE4,TEL,ride,2.5
TE4,TE5,TEL,ride,2.5
TE5,TE6,TEL,ride,2.5
TE6,TE7,TEL,ride,2.5
TE7,TE8,TEL,ride,2.5
TE8,TE9,TEL,ride,2.5
TE9,TE11,TEL,ride,2.5
TE11,TE12,TEL,ride,2.5
TE12,TE13,TEL,ride,2.5
TE13,TE14,TEL,ride,2.5
TE14,TE15,TEL,ride,2.5
TE15,TE16,TEL,ride,2.5
TE16,TE17,TEL,ride,2.5
TE17,TE18,TEL,ride,2.5
TE18,TE19,TEL,ride,2.5
TE19,TE20,TEL,ride,2.5
TE20,TE22,TEL,ride,2.5
TE22,TE23,TEL,ride,2.5
TE23,TE24,TEL,ride,2.5
TE24,TE25,TEL,ride,2.5
TE25,TE26,TEL,ride,2.5
TE26,TE27,TEL,ride,2.5
TE27,TE28,TEL,ride,2.5
TE28,TE29,TEL,ride,2.5
BP1,BP2,BPLRT,ride,1.5
BP2,BP3,BPLRT,ride,1.5
BP3,BP4,BPLRT,ride,1.5
BP4,BP5,BPLRT,ride,1.5
BP5,BP6,BPLRT,ride,1.5
BP6,BP7,BPLRT,ride,1.5
BP7,BP8,BPLRT,ride,1.5
BP8,BP9,BPLRT,ride,1.5
BP9,BP10,BPLRT,ride,1.5
BP10,BP11,BPLRT,ride,1.5
BP11,BP12,BPLRT,ride,1.5
BP12,BP13,BPLRT,ride,1.5
BP13,BP6,BPLRT,ride,1.5
STC,SE1,NEL,ride,1.5
SE1,SE2,NEL,ride,1.5
SE2,SE3,NEL,ride,1.5
SE3,SE4,NEL,ride,1.5
SE4,SE5,NEL,ride,1.5
SE5,STC,NEL,ride,1.5
STC,SW1,NEL,ride,1.5
SW1,SW2,NEL,ride,1.5
SW2,SW3,NEL,ride,1.5
SW3,SW4,NEL,ride,1.5
SW4,SW5,NEL,ride,1.5
SW5,SW6,NEL,ride,1.5
SW6,SW7,NEL,ride,1.5
SW7,SW8,NEL,ride,1.5
SW8,STC,NEL,ride,1.5
PTC,PE1,NEL,ride,1.5
PE1,PE2,NEL,ride,1.5
PE2,PE3,NEL,ride,1.5
PE3,PE4,NEL,ride,1.5
PE4,PE5,NEL,ride,1.5
PE5,PE6,NEL,ride,1.5
PE6,PE7,NEL,ride,1.5
PE7,PTC,NEL,ride,1.5
PTC,PW1,NEL,ride,1.5
PW1,PW2,NEL,ride,1.5
PW2,PW3,NEL,ride,1.5
PW3,PW4,NEL,ride,1.5
PW4,PW5,NEL,ride,1.5
PW5,PW6,NEL,ride,1.5
PW6,PW7,NEL,ride,1.5
PW7,PTC,NEL,ride,1.5
EW4,CG1,EWL,ride,2.5
CG1,CG2,EWL,ride,2.5
NS1,EW24,INTERCHANGE,transfer,5.0
NS4,BP1,INTERCHANGE,transfer,5.0
NS9,TE2,INTERCHANGE,transfer,5.0
NS17,CC15,INTERCHANGE,transfer,5.0
NS21,DT11,TAP_OUT_TRANSFER,transfer,6.0
NS22,TE14,INTERCHANGE,transfer,5.0
NS24,NE6,INTERCHANGE,transfer,5.0
NS24,CC1,INTERCHANGE,transfer,5.0
NE6,CC1,INTERCHANGE,transfer,5.0
NS25,EW13,INTERCHANGE,transfer,5.0
NS26,EW14,INTERCHANGE,transfer,5.0
NS27,CC33,INTERCHANGE,transfer,5.0
NS27,TE20,INTERCHANGE,transfer,5.0
CC33,TE20,INTERCHANGE,transfer,5.0
EW2,DT32,INTERCHANGE,transfer,5.0
EW8,CC9,INTERCHANGE,transfer,5.0
EW12,DT14,INTERCHANGE,transfer,5.0
EW16,NE3,INTERCHANGE,transfer,5.0
EW16,TE17,INTERCHANGE,transfer,5.0
NE3,TE17,INTERCHANGE,transfer,5.0
EW21,CC22,INTERCHANGE,transfer,5.0
CG1,DT35,INTERCHANGE,transfer,5.0
NE1,CC29,INTERCHANGE,transfer,5.0
NE4,DT19,INTERCHANGE,transfer,5.0
NE7,DT12,INTERCHANGE,transfer,5.0
NE12,CC13,INTERCHANGE,transfer,5.0
NE16,STC,INTERCHANGE,transfer,5.0
NE17,PTC,INTERCHANGE,transfer,5.0
CC4,DT15,INTERCHANGE,transfer,5.0
CC10,DT26,INTERCHANGE,transfer,5.0
CC17,TE9,INTERCHANGE,transfer,5.0
CC19,DT9,INTERCHANGE,transfer,5.0
CC34,DT16,INTERCHANGE,transfer,5.0
BP6,DT1,TAP_OUT_TRANSFER,transfer,6.0
TE11,DT10,INTERCHANGE,transfer,5.0
